id,pagina_pdf,nome,marca,preco_brl,volume,categoria,descricao,familia,notas_saida,notas_coracao,notas_fundo,fotografia
layal-001,2,Attar Al Wesal Gold,Al Wataniah,"319,00",100 ml,unissex,"Attar Al Wesal Gold combina uma abertura fresca e vibrante com um coração quente e especiado, finalizando em uma base envolvente de baunilha, âmbar e madeiras. Sofisticado, marcante e com um equilíbrio perfeito entre frescor e doçura.",Oriental · Especiado · Aromático · Levemente Doce · Amadeirado,"Pera, Lavanda, Hortelã, Bergamota e Notas Cítricas","Canela, Cominho e Especiarias","Baunilha Negra, Âmbar, Patchouli e Cedro",
layal-002,3,Ana Al Awwal Silver,Nusuk,"249,00",100 ml,masculino,"Ana Al Awwal Silver é uma fragrância masculina que combina frescor cítrico e frutado com um coração sofisticado e um fundo amadeirado e de couro. Versátil e envolvente, é ideal para o dia a dia e também para ocasiões especiais, transmitindo confiança e presença por onde passa.",Fresco Especiado · Cítrico · Frutado · Aromático · Amadeirado · Couro,"Abacaxi, Bergamota, Lavanda, Pimenta e Notas Marinhas","Rosa, Íris, Jasmim e Cedro","Patchouli, Couro, Almíscar e Cedro",
layal-003,4,Ana Al Awwal,Nusuk,"249,00",100 ml,feminino,"Ana Al Awwal é uma fragrância feminina frutada, floral e envolvente, que equilibra frutas suculentas, flores sofisticadas e um fundo amadeirado e almiscarado. Versátil, é perfeita para o dia a dia e também para ocasiões especiais, como encontros, jantares e eventos, transmitindo elegância e personalidade por onde passa.",Frutado · Floral · Doce · Amadeirado · Almiscarado,"Maçã, Pêssego e Melão","Cardamomo, Açafrão, Rosa, Jasmim e Baunilha","Madeira de Agar (Oud), Óleo de Cipreste, Madeira de Goiaba e Almíscar Branco",
layal-004,5,Ana Al Awwal,Nusuk,"249,00",100 ml,unissex,"Ana Al Awwal é uma fragrância árabe envolvente, que combina notas frutadas e florais com um fundo quente e amadeirado, entregando uma experiência olfativa única. Elegante, intenso e sofisticado, é perfeito para quem busca um perfume marcante, com personalidade e que deixa sua presença por onde passa.",Frutado · Floral · Amadeirado · Âmbar · Sofisticado,"Açafrão, Frutas Vermelhas, Maçã e Pêssego","Rosa, Jasmim e Notas Florais","Oud, Âmbar, Madeiras Nobres e Almíscar",
layal-005,6,Afeef,Lattafa,"599,00",100 ml,unissex,"Afeef da Lattafa é uma fragrância luxuosa e envolvente, que combina notas frutadas, florais e amadeiradas, entregando um aroma elegante, moderno e marcante. Inspirado na riqueza da perfumaria árabe, traz um equilíbrio perfeito entre frescor, doçura e profundidade, ideal para quem busca se destacar em qualquer ocasião.",Frutado · Floral · Amadeirado · Doce · Sofisticado,"Pera, Bergamota, Pêssego e Frutas Vermelhas","Jasmim, Flor de Laranjeira e Rosa","Baunilha, Âmbar, Madeiras Nobres e Almíscar",
layal-006,7,Fakhar,Lattafa,"299,00",100 ml,unissex,"Fakhar Lattafa é uma fragrância moderna e sofisticada, que combina frescor, notas frutadas e um fundo amadeirado envolvente. Ideal para quem busca um perfume versátil, marcante e com excelente fixação, perfeito para o dia a dia e ocasiões especiais.",Aromático · Frutado · Floral · Amadeirado,"Bergamota, Maçã e Lavanda","Jasmim, Flor de Laranjeira e Notas Florais","Âmbar, Madeira, Fava Tonka e Notas Amadeiradas",
layal-007,8,Fakhar,Lattafa,"299,00",100 ml,unissex,"Fakhar Lattafa é uma fragrância marcante e moderna, que equilibra notas frescas, frutadas e florais com um fundo amadeirado envolvente. Um perfume versátil, elegante e sofisticado, ideal para quem busca deixar uma presença inesquecível em qualquer ocasião.",Aromático · Frutado · Floral · Amadeirado,"Bergamota, Maçã e Lavanda","Jasmim, Flor de Laranjeira e Gerânio","Âmbar, Madeira, Fava Tonka e Notas Amadeiradas",
layal-008,9,Nebras Elixir,Lattafa,"349,00",100 ml,unissex,"Nebras Elixir da Lattafa é uma fragrância envolvente e sofisticada, que combina notas doces, frutadas e cremosas com um fundo quente e marcante. Uma essência moderna e luxuosa, ideal para quem busca um perfume único, com excelente fixação e presença inesquecível em qualquer ocasião.",Doce · Gourmand · Oriental · Sofisticado,"Frutas Vermelhas, Mandarina e Baunilha","Baunilha, Cacau, Rosa e Notas Florais","Fava Tonka, Âmbar, Almíscar e Madeiras Nobres",
layal-009,10,Asad Elixir,Lattafa,"309,00",100 ml,masculino,"Asad Elixir da Lattafa é uma versão ainda mais intensa e sofisticada da linha Asad, trazendo uma combinação envolvente de notas especiadas, amadeiradas e orientais, com um fundo profundo e marcante. Uma fragrância poderosa, elegante e moderna, ideal para quem busca presença e personalidade em qualquer ocasião.",Amadeirado · Oriental · Especiado · Intenso,"Pimenta Preta, Especiarias e Lavanda","Açafrão, Íris e Notas Florais","Baunilha, Âmbar, Madeira de Oud e Fava Tonka",
layal-010,11,Asad Bourbon,Lattafa,"309,00",100 ml,masculino,"Asad Bourbon da Lattafa é uma fragrância marcante e envolvente, que combina notas amadeiradas, especiadas e adocicadas com um fundo quente e sofisticado. Um perfume moderno e imponente, ideal para quem busca presença e personalidade em qualquer ocasião.",Amadeirado · Especiado · Doce · Sofisticado,"Pimenta Rosa, Canela e Maçã","Lavanda, Flor de Laranjeira e Cacau","Baunilha, Âmbar, Madeira de Oud e Notas Amadeiradas",
layal-011,12,La Voie,Maison Alhambra,"239,00",100 ml,feminino,"La Voie é uma fragrância feminina envolvente e moderna, que combina notas florais sofisticadas com um toque doce e elegante. Ideal para mulheres que buscam leveza, presença e um perfume marcante para o dia a dia ou ocasiões especiais.",Floral · Doce · Elegante · Moderno,"Pera, Lichia e Rosa","Rosa, Jasmim e Peônia","Baunilha, Âmbar e Musk",
layal-012,13,Liberté,Pendora Scents,"209,00",100 ml,masculino,"Pendora Liberté é uma fragrância moderna e sofisticada, que combina notas cítricas e amadeiradas com um fundo envolvente e marcante. Ideal para homens que buscam autenticidade, liberdade e presença em qualquer ocasião.",Cítrico · Amadeirado · Moderno · Sofisticado,"Bergamota, Pimenta Peta e Notas Cítricas","Lavanda, Flor de Laranjeira e Notas Aromáticas","Madeiras Nobres, Âmbar e Fava Tonka",
layal-013,14,Yara,Lattafa,"279,00",100 ml,feminino,"Yara é uma fragrância envolvente e feminina, que combina notas frutadas, florais e gourmand, trazendo um toque moderno e sofisticado. Ideal para mulheres que buscam leveza, delicadeza e presença em qualquer ocasião.",Doce · Floral · Frutado · Tropical · Gourmand,"Tangerina, Heliotrópio e Orquídea",Notas Tropicais e Acorde Gourmand,"Baunilha, Sândalo e Almíscar",
layal-014,15,Yara Moi,Lattafa,"229,00",100 ml,feminino,"Yara Moi é uma fragrância feminina que combina notas frutadas, florais e cremosas, trazendo um toque moderno e elegante. Ideal para mulheres que buscam leveza, feminilidade e presença em qualquer ocasião.",Frutado · Floral · Doce · Cremoso,Pêssego e Notas Frutadas,Jasmim e Flores Brancas,"Baunilha, Âmbar, Patchouli e Sândalo",
layal-015,16,Odyssey Mandarin Sky,Armaf,"289,00",100 ml,masculino,"Odyssey Mandarin Sky da Armaf é uma fragrância masculina vibrante e contemporânea, que combina notas cítricas, frutadas e aromáticas, trazendo uma sensação de frescor, energia e sofisticação. Ideal para homens que buscam estilo e presença em todas as ocasiões.",Cítrico · Aromático · Frutado · Amadeirado,"Mandarina, Laranja, Limão e Açafrão","Manga, Sálvia e Flor de Laranjeira","Âmbar, Madeira de Cedro e Vetiver",
layal-016,17,Yara Elixir,Lattafa,"279,00",100 ml,feminino,"Yara Elixir é uma fragrância feminina oriental baunilha gourmand, que combina notas deliciosas e sofisticadas, trazendo um toque moderno e marcante. Ideal para mulheres que buscam delicadeza e presença em todas as ocasiões.",Oriental Baunilha · Gourmand · Doce · Cremoso · Envolvente,S’mores de Morango e Groselha Preta,Jasmim e Flor de Laranjeira,"Baunilha, Caramelo, Âmbar e Almíscar",
layal-017,18,The Kingdom,Lattafa,"289,00",100 ml,masculino,"The Kingdom é uma fragrância masculina imponente, que combina notas aromáticas e amadeiradas com um toque doce e envolvente, criando uma assinatura marcante e inesquecível. Ideal para homens que buscam presença, confiança e distinção em todas as ocasiões.",Aromático · Doce · Ambarado · Herbal,"Lavanda, Hortelã e Sálvia","Tabaco, Baunilha e Flor de Laranjeira","Benjoim, Fava Tonka e Ládano",
layal-018,19,Veneno Bianco,French Avenue,"459,00",100 ml,unissex,"Veneno Bianco é uma fragrância marcante e sofisticada, que combina notas florais e tropicais com um toque cremoso e ambarado, criando uma assinatura poderosa e elegante. Ideal para homens e mulheres que buscam exclusividade e presença em todas as ocasiões.",Floral · Ambarado · Cremoso,"Bergamota, Néroli e Leite","Flor de Tiaré, Ylang-Ylang e Flores Brancas","Coco, Baunilha, Madeira de Guaiaco e Ládano",
layal-019,20,Atheeri,Lattafa,"599,00",100 ml,feminino,"Atheeri é uma fragrância feminina sofisticada, que combina notas florais e doces com um toque luminoso e marcante, criando uma assinatura elegante e irresistível. Ideal para mulheres que buscam leveza, feminilidade e presença em todas as ocasiões.",Floral · Gourmand · Doce · Luminoso,Flor de Maracujá e Gota de Orvalho,Orquídea e Jasmim,Baunilha e Madeira de Âmbar,
layal-020,21,Ishq Al Shuyukh Silver,Lattafa Pride,"299,00",100 ml,masculino,"Ishq Al Shuyukh Silver é uma fragrância masculina sofisticada, que combina notas cítricas e frutadas com um toque amadeirado e doce, criando uma assinatura envolvente e imponente. Ideal para homens que buscam presença e distinção em todas as ocasiões.",Cítrico · Frutado · Doce · Amadeirado,Limão e Bergamota,Abacaxi e Pimenta-Preta,"Madeira de Âmbar, Cedro, Baunilha e Patchouli",
layal-021,22,Club de Nuit Intense Man,Armaf,"299,00",105 ml,masculino,"Fragrância masculina amadeirada, cítrica, frutada e marcante, sofisticada e versátil.",Cítrico · Frutado · Amadeirado · Defumado,"Limão, Abacaxi, Bergamota, Groselha Preta e Maçã","Bétula, Jasmim e Rosa","Almíscar, Âmbar Cinzento, Patchouli e Baunilha",
